tp,fp,fn,tn,precision,recall,f1_score,accuracy
301430,346028,466416,37355758,0.46555915595997643,0.39256569676680925,0.4259574603535097,0.9788809001343975
