tp,fp,fn,tn,precision,recall,f1_score,accuracy
175102,568663,487590,37238277,0.23542651240615595,0.2642283292988836,0.24899680481455708,0.9725431997893567
